{
    "train": {
        "loss": 7.450409993277655,
        "acc": 0.9688875079154968
    },
    "eval": {
        "eval_acc": 0.9443609118461609,
        "eval_loss": 1466.6904754638672
    }
}